{
	"rf_rate": 0.000119047619047619,
	"volatility": 0.00881917103688197
}