{
	"rf_rate": 0.000118577075098814,
	"volatility": 0.00880172458846704
}